name,age,grade
Matthew1,15,F
Jackson2,19,F
Lucas3,18,C
James4,18,A
Sophia5,15,B
Scarlett6,16,C
Aiden7,16,B
Ava8,18,D
Daniel9,20,D
Daniel10,17,A
Matthew11,19,E
Noah12,18,F
Alexander13,20,E
Penelope14,17,D
Logan15,18,F
Penelope16,19,A
Sebastian17,20,F
Chloe18,15,D
Benjamin19,18,B
Henry20,18,A
Henry21,18,E
Aria22,17,C
Nora23,20,D
Jackson24,20,C
Henry25,15,D
Victoria26,19,F
Mason27,20,D
Evelyn28,15,F
Aiden29,20,B
Grace30,15,B
Aiden31,20,A
Isaac32,19,A
Matthew33,18,A
Ella34,15,C
James35,19,F
Lily36,18,D
Evelyn37,20,A
Benjamin38,16,A
Lucas39,20,A
Emma40,15,F
Abigail41,17,A
Victoria42,19,B
Isabella43,19,D
Liam44,17,D
Harper45,16,B
Evelyn46,19,F
Jacob47,18,A
Aiden48,15,A
Logan49,20,F
Mia50,17,E
Elijah51,20,E
Riley52,19,D
Nora53,17,F
Alexander54,18,F
Sebastian55,16,D
Matthew56,18,E
Matthew57,20,A
Nora58,17,A
Noah59,18,D
Samuel60,16,F
Jack61,16,D
Hazel62,19,A
Grace63,16,F
Ethan64,17,C
Mia65,16,F
Aria66,16,D
Nora67,16,D
Layla68,19,C
Alexander69,19,C
Isabella70,15,F
Michael71,16,F
Aiden72,16,A
Owen73,18,F
Jacob74,17,C
David75,18,B
John76,19,C
Jackson77,15,C
Liam78,15,E
Jackson79,17,F
Sophia80,20,F
Penelope81,15,C
Victoria82,17,E
Noah83,16,B
Penelope84,15,C
Hannah85,16,F
Aiden86,17,C
Riley87,16,D
Ethan88,20,E
James89,17,F
Mia90,17,F
Scarlett91,16,D
Benjamin92,20,E
Benjamin93,18,A
Aiden94,15,B
Liam95,17,F
Hannah96,19,F
Layla97,20,A
Ella98,17,D
Grace99,16,A
Jack100,18,B
